{
    "BASELINE: MSE": {
        "Tau Variances": [
            0.0013841736358157948,
            0.0019941244830798564,
            0.0015802913971144355,
            0.001533458339829483,
            0.0016693858392512024,
            0.0015472554574849702,
            0.001336873754239976,
            0.0011031262440810783,
            0.0021023103942269983,
            0.0015155567478546995,
            0.0018558351884615598,
            0.001579096035398558,
            0.0023482332661128617,
            0.0014500706970483111,
            0.001607098188955852,
            0.0016166440723648322,
            0.0013105382385506618,
            0.0016559878006468605,
            0.0014689512428073472,
            0.0013059800600300627,
            0.0016902795274773557,
            0.0012912212769425617,
            0.0021976305600101436,
            0.0016067265537853912,
            0.001740185423793246,
            0.0011032314292992356,
            0.0011760708144547367,
            0.001449963838883543,
            0.002114986875379111,
            0.0014513107926774225,
            0.0012115555001110327,
            0.0013055641726642654,
            0.001928061924914909,
            0.0022243487695848448,
            0.00155026049729162,
            0.001374874150364817,
            0.001417624432300203,
            0.0014216457121915586,
            0.0017925657547435854,
            0.0017254024068137513,
            0.002162053013620245,
            0.002675677098245576,
            0.0013960404116595635,
            0.0012014202543891327,
            0.0019750278940276044,
            0.0008869801974759197,
            0.002111770608911224,
            0.0018405682503300044,
            0.0013908345960336817,
            0.002188753335009226
        ]
    },
    "MSE_P: 0": {
        "Tau Variances": [
            0.002632176958202933,
            0.0023085741604875814,
            0.0025012198921809323,
            0.0038227369552044886,
            0.003074213585036096,
            0.0028489680311671664,
            0.0022214820062092795,
            0.0027987692051414997,
            0.0028113033030781956,
            0.0024402863681132086,
            0.0026189358270397242,
            0.0026723857665502692,
            0.0019411280398293398,
            0.0012963841007477377,
            0.003049049572201088,
            0.003549785282218184,
            0.0026095785477949986,
            0.0016886003052583145,
            0.0030923830929372063,
            0.0025941265635118452,
            0.0017531292975102506,
            0.0024574502643420395,
            0.0031080389714502276,
            0.0016354196927010787,
            0.002781810868945069,
            0.0026759840999148366,
            0.0034026644678073256,
            0.0018892053747118689,
            0.0028581379409431365,
            0.0028765408610949748,
            0.003088854256854258,
            0.0027438260402416256,
            0.002137836397368866,
            0.0018100411078419741,
            0.0026479093303682054,
            0.002846230184758324,
            0.0027526920410037305,
            0.002396776672101348,
            0.0024945273639299624,
            0.00265245363967442,
            0.004100081416098733,
            0.0034245805654983157,
            0.0029163682006625733,
            0.0022484885299084443,
            0.0040777993749076015,
            0.0033443440548548784,
            0.0027779395438616225,
            0.002783439823924673,
            0.0026975523780372276,
            0.002274828532698663
        ]
    },
    "Phi-DIV_P: SQUARED_HELLINGER": {
        "Tau Variances": [
            0.0038163120214721965,
            0.0034046584334376548,
            0.0038177384814960585,
            0.003436537296277557,
            0.0034025599886725435,
            0.002659140304300478,
            0.0034794356427603193,
            0.004016120370890935,
            0.0044957694862456776,
            0.0048320722958298725,
            0.005038288787691386,
            0.003860641358961706,
            0.0034564177166428256,
            0.0040974211294557625,
            0.00493026382564045,
            0.0033403381329268787,
            0.0034658568201079037,
            0.0032943231365395874,
            0.003391125920095618,
            0.003046644619770162,
            0.004068356806573257,
            0.003750633292312947,
            0.003733657098713377,
            0.003801752440921273,
            0.0029738539132824855,
            0.0026372469281560197,
            0.002853884147598434,
            0.0037455026205156085,
            0.003348675141437047,
            0.003039161035212984,
            0.0035822587699297663,
            0.004406832688875981,
            0.002765025642947722,
            0.0036884373564546736,
            0.0033327205512140587,
            0.004081561090184468,
            0.0038206444406963893,
            0.0027224083506680917,
            0.004829964056145876,
            0.0035735329631087225,
            0.0038931818119350603,
            0.004018853952845296,
            0.003186520325914266,
            0.0023441123250647067,
            0.0033156232870864915,
            0.004321319715397639,
            0.0030055939148233533,
            0.003524628998706922,
            0.0028403503016143717,
            0.004299253029157793
        ]
    }
}