{
    "DMI: 4": {
        "Tau Variances": [
            0.0027853969555565322,
            0.005471676827854911,
            0.007206074271779737,
            0.0039002957612098094,
            0.006813550653253458,
            0.004775058670900981,
            0.005370467932913774,
            0.0047595580148595785,
            0.003436773866356532,
            0.0043559252424208205,
            0.004313449066654581,
            0.0032493894630329064,
            0.006485769793650389,
            0.0044405254162063305,
            0.0029268899794101,
            0.0068311179383683494,
            0.004111642086871243,
            0.005152329084959778,
            0.004460815872445736,
            0.003285984054384527,
            0.005067897735477602,
            0.0043761444091476726,
            0.004076127042641915,
            0.0062303949096826974,
            0.004852351663857279,
            0.0045813199097138445,
            0.0031806194549907174,
            0.0034674203870295284,
            0.004875668366737078,
            0.004844932961433302,
            0.00456520791770292,
            0.0024616813057337077,
            0.0039750918018130995,
            0.004018116092730963,
            0.002842734578029635,
            0.005326126521342481,
            0.004130890142453759,
            0.003281497108556368,
            0.0039649454638085386,
            0.0029706247836597827,
            0.004408769116613801,
            0.004744032418335537,
            0.005458310062725938,
            0.004281887453957109,
            0.0056633807594123325,
            0.007156940815758003,
            0.004547828180837674,
            0.004246625808846413,
            0.004463846486563475,
            0.00559823313259594
        ]
    },
    "OA: 0": {
        "Tau Variances": [
            0.002681081245387953,
            0.002940912492880923,
            0.003115898234904409,
            0.002568210012361005,
            0.002404100659748483,
            0.0025625457754241796,
            0.002416307506071644,
            0.0026094805532512265,
            0.002665684206127284,
            0.0026229402121988868,
            0.0025202285781220223,
            0.002808270132786154,
            0.0031406153954844553,
            0.003431624153569362,
            0.0027348142412720964,
            0.0025784029248131033,
            0.0026506546795582765,
            0.0031102464244318214,
            0.0030128684824694326,
            0.003754756737873958,
            0.004141541853200483,
            0.0028805491741588766,
            0.0026801722765501176,
            0.002476499730560473,
            0.0028223713754071894,
            0.003248235450274199,
            0.003534831312674064,
            0.002718191834017044,
            0.002429883260112901,
            0.002290715635530954,
            0.002539884382858693,
            0.0021688187538209613,
            0.0028963571029726643,
            0.0026790145156302715,
            0.0034257930018996244,
            0.0032238975588262087,
            0.002606632948309199,
            0.002757954101151731,
            0.002121817400208458,
            0.003025328746929687,
            0.0024754684031554576,
            0.0026311816294304624,
            0.0019577276587080883,
            0.003160916208137208,
            0.0017294828647499653,
            0.002734396386849494,
            0.0028109207805033457,
            0.002870928709450728,
            0.002016051672254904,
            0.0022586549357609302
        ]
    },
    "Phi-DIV: KL": {
        "Tau Variances": [
            0.0035916123094776415,
            0.005679616527803431,
            0.005787971100469967,
            0.005186714497403158,
            0.004825423288804901,
            0.0049815791509110014,
            0.004730939778259749,
            0.005206211243177823,
            0.005865226525939821,
            0.006343845564289072,
            0.006835254507155188,
            0.0035372923161657672,
            0.0042842994538620505,
            0.006779751639529378,
            0.0067572463606047845,
            0.004951799111879343,
            0.004168604489369421,
            0.005618436471431251,
            0.006403695295527972,
            0.005731983213003097,
            0.005837677130282821,
            0.005810537484583836,
            0.005781676504824093,
            0.004822717255724813,
            0.004635292752391284,
            0.005339840413979277,
            0.004985499291431198,
            0.0032077304821853344,
            0.004535940174781381,
            0.0030921541315433623,
            0.0031432542564247615,
            0.0053081375908442365,
            0.006055053523899227,
            0.004564127374595376,
            0.004208645415080795,
            0.005035958413814957,
            0.005971990834037765,
            0.00457216608905439,
            0.005397078960582227,
            0.0031886199547122283,
            0.005006311778011637,
            0.0038850711244219896,
            0.004747603675781899,
            0.005490720920226249,
            0.004817820459642854,
            0.004839365259063675,
            0.003877050084078117,
            0.0030705866160707284,
            0.004053096086263039,
            0.004647580614676834
        ]
    },
    "Phi-DIV: TVD": {
        "Tau Variances": [
            0.005420904909951117,
            0.003824233070212119,
            0.002960417698632048,
            0.0041492271293845084,
            0.003953028200526309,
            0.0055294007608980384,
            0.004231112606005572,
            0.004746805497962669,
            0.0047315607991035916,
            0.0032605889456706824,
            0.0039376233406367075,
            0.005876777814300419,
            0.003704317960644223,
            0.0027195600078944934,
            0.004377940599021022,
            0.003888521059375743,
            0.0036043224123023785,
            0.0040327408393339035,
            0.005023662907965999,
            0.004627901326275001,
            0.0038650169611560655,
            0.00583918353335825,
            0.0042690935119613525,
            0.0034505162647288385,
            0.004220236598473075,
            0.0026448048991545995,
            0.004998845868857413,
            0.0052000964699599195,
            0.004323214535922906,
            0.004903687994504329,
            0.0029847388656984324,
            0.004310720882115531,
            0.0036560717662707004,
            0.004200805790533457,
            0.0032843306083261054,
            0.003970475016191384,
            0.002979700650557168,
            0.0038188058088386378,
            0.004246284501589878,
            0.00533959404910175,
            0.0036560247053527236,
            0.004094744929180867,
            0.004649131275497329,
            0.0031410090627007315,
            0.003536059183921357,
            0.004513745352989427,
            0.0037958195076593314,
            0.0037469335640986576,
            0.0025098178334170868,
            0.002302884408196212
        ]
    },